commit_number,timestamp,batch,random_value,status
1,2025-08-16 15:22:43,1,81535,completed
2,2025-08-16 15:22:44,1,65841,completed
3,2025-08-16 15:22:44,1,83993,completed
4,2025-08-16 15:22:45,1,50578,completed
5,2025-08-16 15:22:45,1,20190,completed
6,2025-08-16 15:22:45,1,75167,completed
7,2025-08-16 15:22:45,1,97691,completed
8,2025-08-16 15:22:46,1,27183,completed
9,2025-08-16 15:22:46,1,47478,completed
10,2025-08-16 15:22:46,1,12291,completed
11,2025-08-16 15:22:47,1,87824,completed
12,2025-08-16 15:22:47,1,48888,completed
13,2025-08-16 15:22:47,1,62333,completed
14,2025-08-16 15:22:48,1,48594,completed
15,2025-08-16 15:22:48,1,48564,completed
16,2025-08-16 15:22:48,1,23346,completed
17,2025-08-16 15:22:49,1,64798,completed
18,2025-08-16 15:22:49,1,55566,completed
19,2025-08-16 15:22:49,1,37541,completed
20,2025-08-16 15:22:50,1,14752,completed
21,2025-08-16 15:22:51,1,42946,completed
22,2025-08-16 15:22:51,1,22479,completed
23,2025-08-16 15:22:51,1,80700,completed
24,2025-08-16 15:22:52,1,57209,completed
25,2025-08-16 15:22:52,1,49369,completed
26,2025-08-16 15:22:53,1,78726,completed
27,2025-08-16 15:22:53,1,44477,completed
28,2025-08-16 15:22:53,1,18927,completed
29,2025-08-16 15:22:54,1,51867,completed
30,2025-08-16 15:22:54,1,77643,completed
31,2025-08-16 15:22:55,1,59678,completed
32,2025-08-16 15:22:55,1,31701,completed
33,2025-08-16 15:22:56,1,38564,completed
34,2025-08-16 15:22:56,1,72378,completed
35,2025-08-16 15:22:57,1,48696,completed
36,2025-08-16 15:22:57,1,64604,completed
37,2025-08-16 15:22:57,1,34371,completed
38,2025-08-16 15:22:58,1,17127,completed
39,2025-08-16 15:22:58,1,37345,completed
40,2025-08-16 15:22:59,1,82654,completed
41,2025-08-16 15:22:59,1,97066,completed
42,2025-08-16 15:23:00,1,59050,completed
43,2025-08-16 15:23:00,1,39741,completed
44,2025-08-16 15:23:00,1,70363,completed
45,2025-08-16 15:23:01,1,37277,completed
46,2025-08-16 15:23:01,1,79208,completed
47,2025-08-16 15:23:02,1,75268,completed
48,2025-08-16 15:23:02,1,85930,completed
49,2025-08-16 15:23:03,1,62023,completed
50,2025-08-16 15:23:03,1,62736,completed
51,2025-08-16 15:23:12,2,64204,completed
52,2025-08-16 15:23:13,2,64376,completed
53,2025-08-16 15:23:14,2,21912,completed
54,2025-08-16 15:23:16,2,19980,completed
55,2025-08-16 15:23:16,2,39084,completed
56,2025-08-16 15:23:17,2,29470,completed
57,2025-08-16 15:23:17,2,52900,completed
58,2025-08-16 15:23:17,2,88647,completed
59,2025-08-16 15:23:18,2,85688,completed
60,2025-08-16 15:23:18,2,93542,completed
61,2025-08-16 15:23:20,2,63456,completed
62,2025-08-16 15:23:21,2,48701,completed
63,2025-08-16 15:23:22,2,81557,completed
64,2025-08-16 15:23:23,2,80634,completed
65,2025-08-16 15:23:24,2,81145,completed
66,2025-08-16 15:23:25,2,62935,completed
67,2025-08-16 15:23:26,2,78842,completed
68,2025-08-16 15:23:27,2,85861,completed
69,2025-08-16 15:23:27,2,53201,completed
70,2025-08-16 15:23:27,2,21825,completed
71,2025-08-16 15:23:28,2,26742,completed
72,2025-08-16 15:23:29,2,18763,completed
73,2025-08-16 15:23:29,2,45432,completed
74,2025-08-16 15:23:29,2,15168,completed
75,2025-08-16 15:23:30,2,64134,completed
76,2025-08-16 15:23:30,2,55440,completed
77,2025-08-16 15:23:30,2,32958,completed
78,2025-08-16 15:23:31,2,90210,completed
79,2025-08-16 15:23:31,2,63732,completed
80,2025-08-16 15:23:32,2,49559,completed
81,2025-08-16 15:23:33,2,49881,completed
82,2025-08-16 15:23:33,2,33322,completed
83,2025-08-16 15:23:34,2,89840,completed
84,2025-08-16 15:23:34,2,88989,completed
85,2025-08-16 15:23:35,2,19523,completed
86,2025-08-16 15:23:36,2,90796,completed
87,2025-08-16 15:23:36,2,72529,completed
88,2025-08-16 15:23:37,2,32824,completed
89,2025-08-16 15:23:37,2,80006,completed
90,2025-08-16 15:23:38,2,47190,completed
91,2025-08-16 15:23:39,2,91876,completed
92,2025-08-16 15:23:39,2,78033,completed
93,2025-08-16 15:23:41,2,33090,completed
94,2025-08-16 15:23:41,2,79267,completed
95,2025-08-16 15:23:42,2,88194,completed
96,2025-08-16 15:23:43,2,58874,completed
97,2025-08-16 15:23:43,2,76320,completed
98,2025-08-16 15:23:44,2,29715,completed
99,2025-08-16 15:23:45,2,22142,completed
100,2025-08-16 15:23:46,2,46461,completed
101,2025-08-16 15:23:57,3,85316,completed
102,2025-08-16 15:23:57,3,89330,completed
103,2025-08-16 15:23:58,3,62250,completed
104,2025-08-16 15:23:59,3,24713,completed
105,2025-08-16 15:23:59,3,82497,completed
106,2025-08-16 15:24:00,3,64116,completed
107,2025-08-16 15:24:01,3,52468,completed
108,2025-08-16 15:24:01,3,31004,completed
109,2025-08-16 15:24:02,3,19224,completed
110,2025-08-16 15:24:02,3,92728,completed
111,2025-08-16 15:24:03,3,18293,completed
112,2025-08-16 15:24:03,3,92014,completed
113,2025-08-16 15:24:04,3,90552,completed
114,2025-08-16 15:24:04,3,61937,completed
115,2025-08-16 15:24:04,3,92174,completed
116,2025-08-16 15:24:05,3,37874,completed
117,2025-08-16 15:24:05,3,69007,completed
118,2025-08-16 15:24:06,3,29980,completed
119,2025-08-16 15:24:06,3,35482,completed
120,2025-08-16 15:24:07,3,92161,completed
121,2025-08-16 15:24:08,3,78769,completed
122,2025-08-16 15:24:08,3,84143,completed
123,2025-08-16 15:24:09,3,40047,completed
124,2025-08-16 15:24:09,3,49415,completed
125,2025-08-16 15:24:10,3,70258,completed
126,2025-08-16 15:24:11,3,29758,completed
127,2025-08-16 15:24:11,3,70789,completed
128,2025-08-16 15:24:12,3,50379,completed
129,2025-08-16 15:24:12,3,34720,completed
130,2025-08-16 15:24:13,3,48601,completed
131,2025-08-16 15:24:13,3,13661,completed
132,2025-08-16 15:24:14,3,20858,completed
133,2025-08-16 15:24:15,3,43298,completed
134,2025-08-16 15:24:15,3,17177,completed
135,2025-08-16 15:24:16,3,33493,completed
136,2025-08-16 15:24:16,3,58644,completed
137,2025-08-16 15:24:17,3,74019,completed
138,2025-08-16 15:24:19,3,34367,completed
139,2025-08-16 15:24:21,3,47903,completed
140,2025-08-16 15:24:24,3,91675,completed
141,2025-08-16 15:24:26,3,95224,completed
142,2025-08-16 15:24:27,3,91864,completed
143,2025-08-16 15:24:29,3,84790,completed
144,2025-08-16 15:24:29,3,21747,completed
145,2025-08-16 15:24:30,3,47018,completed
146,2025-08-16 15:24:30,3,65491,completed
147,2025-08-16 15:24:31,3,80709,completed
148,2025-08-16 15:24:34,3,53478,completed
149,2025-08-16 15:24:34,3,77107,completed
150,2025-08-16 15:24:36,3,65247,completed
151,2025-08-16 15:24:47,4,36590,completed
152,2025-08-16 15:24:48,4,53116,completed
153,2025-08-16 15:24:48,4,58766,completed
154,2025-08-16 15:24:48,4,95930,completed
155,2025-08-16 15:24:49,4,19379,completed
156,2025-08-16 15:24:50,4,72173,completed
157,2025-08-16 15:24:50,4,56460,completed
158,2025-08-16 15:24:50,4,31501,completed
159,2025-08-16 15:24:51,4,44542,completed
160,2025-08-16 15:24:51,4,28424,completed
161,2025-08-16 15:24:52,4,63206,completed
162,2025-08-16 15:24:52,4,88614,completed
163,2025-08-16 15:24:53,4,71481,completed
164,2025-08-16 15:24:53,4,10425,completed
165,2025-08-16 15:24:53,4,21726,completed
166,2025-08-16 15:24:54,4,15225,completed
167,2025-08-16 15:24:54,4,40794,completed
168,2025-08-16 15:24:55,4,78749,completed
169,2025-08-16 15:24:55,4,42871,completed
170,2025-08-16 15:24:56,4,60279,completed
171,2025-08-16 15:24:56,4,12664,completed
172,2025-08-16 15:24:57,4,86991,completed
173,2025-08-16 15:24:57,4,81917,completed
174,2025-08-16 15:24:58,4,77721,completed
175,2025-08-16 15:24:58,4,43428,completed
176,2025-08-16 15:24:59,4,17371,completed
177,2025-08-16 15:24:59,4,73337,completed
178,2025-08-16 15:25:00,4,11302,completed
179,2025-08-16 15:25:00,4,16702,completed
180,2025-08-16 15:25:01,4,38820,completed
181,2025-08-16 15:25:02,4,78642,completed
182,2025-08-16 15:25:02,4,80316,completed
183,2025-08-16 15:25:03,4,16951,completed
184,2025-08-16 15:25:03,4,96662,completed
185,2025-08-16 15:25:04,4,66904,completed
186,2025-08-16 15:25:05,4,35627,completed
187,2025-08-16 15:25:05,4,87125,completed
188,2025-08-16 15:25:06,4,13144,completed
189,2025-08-16 15:25:06,4,80398,completed
190,2025-08-16 15:25:07,4,24429,completed
191,2025-08-16 15:25:07,4,16384,completed
192,2025-08-16 15:25:08,4,34743,completed
193,2025-08-16 15:25:09,4,10677,completed
194,2025-08-16 15:25:09,4,62967,completed
195,2025-08-16 15:25:10,4,56171,completed
196,2025-08-16 15:25:11,4,23348,completed
197,2025-08-16 15:25:12,4,40634,completed
198,2025-08-16 15:25:12,4,19336,completed
199,2025-08-16 15:25:13,4,73777,completed
200,2025-08-16 15:25:15,4,44573,completed
201,2025-08-16 15:25:27,5,98476,completed
202,2025-08-16 15:25:27,5,80781,completed
203,2025-08-16 15:25:28,5,62365,completed
204,2025-08-16 15:25:28,5,79864,completed
205,2025-08-16 15:25:29,5,36301,completed
206,2025-08-16 15:25:29,5,70615,completed
207,2025-08-16 15:25:30,5,40572,completed
208,2025-08-16 15:25:30,5,78110,completed
209,2025-08-16 15:25:31,5,44604,completed
210,2025-08-16 15:25:31,5,96878,completed
211,2025-08-16 15:25:32,5,78087,completed
212,2025-08-16 15:25:32,5,93930,completed
213,2025-08-16 15:25:33,5,57320,completed
214,2025-08-16 15:25:33,5,88696,completed
215,2025-08-16 15:25:34,5,94561,completed
216,2025-08-16 15:25:34,5,71850,completed
217,2025-08-16 15:25:35,5,76791,completed
218,2025-08-16 15:25:35,5,49123,completed
219,2025-08-16 15:25:36,5,54722,completed
220,2025-08-16 15:25:36,5,44693,completed
221,2025-08-16 15:25:37,5,47395,completed
222,2025-08-16 15:25:38,5,37991,completed
223,2025-08-16 15:25:38,5,39617,completed
224,2025-08-16 15:25:39,5,74192,completed
225,2025-08-16 15:25:39,5,18567,completed
226,2025-08-16 15:25:39,5,33004,completed
227,2025-08-16 15:25:40,5,73801,completed
228,2025-08-16 15:25:40,5,69937,completed
229,2025-08-16 15:25:41,5,14213,completed
230,2025-08-16 15:25:41,5,88155,completed
231,2025-08-16 15:25:41,5,58140,completed
232,2025-08-16 15:25:41,5,69785,completed
233,2025-08-16 15:25:56,5,38856,completed
234,2025-08-16 15:25:56,5,37445,completed
235,2025-08-16 15:25:56,5,15575,completed
236,2025-08-16 15:25:57,5,73352,completed
237,2025-08-16 15:25:57,5,48969,completed
238,2025-08-16 15:25:57,5,93782,completed
239,2025-08-16 15:25:58,5,60939,completed
240,2025-08-16 15:25:58,5,62505,completed
241,2025-08-16 15:25:58,5,71545,completed
242,2025-08-16 15:25:58,5,11494,completed
243,2025-08-16 15:25:59,5,78573,completed
244,2025-08-16 15:25:59,5,45217,completed
245,2025-08-16 15:25:59,5,49678,completed
246,2025-08-16 15:26:00,5,35621,completed
247,2025-08-16 15:26:00,5,59012,completed
248,2025-08-16 15:26:00,5,15242,completed
249,2025-08-16 15:26:01,5,20226,completed
250,2025-08-16 15:26:01,5,74579,completed
251,2025-08-16 15:26:09,6,75199,completed
252,2025-08-16 15:26:09,6,21736,completed
253,2025-08-16 15:26:09,6,62635,completed
254,2025-08-16 15:26:09,6,21738,completed
255,2025-08-16 15:26:10,6,43177,completed
256,2025-08-16 15:26:10,6,86934,completed
257,2025-08-16 15:26:10,6,43293,completed
258,2025-08-16 15:26:10,6,86351,completed
259,2025-08-16 15:26:11,6,58091,completed
260,2025-08-16 15:26:11,6,53413,completed
261,2025-08-16 15:26:11,6,24077,completed
262,2025-08-16 15:26:12,6,28206,completed
263,2025-08-16 15:26:12,6,63021,completed
264,2025-08-16 15:26:12,6,64024,completed
265,2025-08-16 15:26:12,6,84901,completed
266,2025-08-16 15:26:12,6,43584,completed
267,2025-08-16 15:26:13,6,88981,completed
268,2025-08-16 15:26:13,6,25853,completed
269,2025-08-16 15:26:13,6,58932,completed
270,2025-08-16 15:26:13,6,60597,completed
271,2025-08-16 15:26:13,6,54911,completed
272,2025-08-16 15:26:14,6,73589,completed
273,2025-08-16 15:26:14,6,46674,completed
274,2025-08-16 15:26:14,6,93375,completed
275,2025-08-16 15:26:15,6,62230,completed
276,2025-08-16 15:26:15,6,27105,completed
277,2025-08-16 15:26:15,6,82255,completed
278,2025-08-16 15:26:15,6,48581,completed
279,2025-08-16 15:26:16,6,30634,completed
280,2025-08-16 15:26:16,6,47066,completed
281,2025-08-16 15:26:16,6,84466,completed
282,2025-08-16 15:26:16,6,46656,completed
283,2025-08-16 15:26:17,6,30602,completed
284,2025-08-16 15:26:17,6,13019,completed
285,2025-08-16 15:26:17,6,80714,completed
286,2025-08-16 15:26:18,6,51345,completed
287,2025-08-16 15:26:18,6,70646,completed
288,2025-08-16 15:26:18,6,33997,completed
289,2025-08-16 15:26:19,6,88944,completed
290,2025-08-16 15:26:19,6,27501,completed
291,2025-08-16 15:26:19,6,70573,completed
292,2025-08-16 15:26:19,6,42510,completed
293,2025-08-16 15:26:20,6,50217,completed
294,2025-08-16 15:26:20,6,90727,completed
295,2025-08-16 15:26:20,6,59778,completed
296,2025-08-16 15:26:21,6,16719,completed
297,2025-08-16 15:26:21,6,87256,completed
298,2025-08-16 15:26:21,6,56469,completed
299,2025-08-16 15:26:21,6,92955,completed
300,2025-08-16 15:26:22,6,97051,completed
301,2025-08-16 15:26:30,7,59975,completed
302,2025-08-16 15:26:30,7,14558,completed
303,2025-08-16 15:26:30,7,59285,completed
304,2025-08-16 15:26:30,7,15399,completed
305,2025-08-16 15:26:31,7,23919,completed
306,2025-08-16 15:26:31,7,51242,completed
307,2025-08-16 15:26:31,7,35170,completed
308,2025-08-16 15:26:31,7,47550,completed
309,2025-08-16 15:26:32,7,14808,completed
310,2025-08-16 15:26:32,7,91840,completed
311,2025-08-16 15:26:32,7,46515,completed
312,2025-08-16 15:26:32,7,18481,completed
313,2025-08-16 15:26:32,7,15608,completed
314,2025-08-16 15:26:33,7,19924,completed
315,2025-08-16 15:26:33,7,81357,completed
316,2025-08-16 15:26:33,7,84118,completed
317,2025-08-16 15:26:33,7,41710,completed
318,2025-08-16 15:26:34,7,87592,completed
319,2025-08-16 15:26:34,7,92973,completed
320,2025-08-16 15:26:34,7,81418,completed
321,2025-08-16 15:26:34,7,44406,completed
322,2025-08-16 15:26:35,7,92906,completed
323,2025-08-16 15:26:35,7,47705,completed
324,2025-08-16 15:26:35,7,90316,completed
325,2025-08-16 15:26:36,7,77608,completed
326,2025-08-16 15:26:36,7,80321,completed
327,2025-08-16 15:26:36,7,19151,completed
328,2025-08-16 15:26:37,7,36404,completed
329,2025-08-16 15:26:37,7,83227,completed
330,2025-08-16 15:26:37,7,65768,completed
331,2025-08-16 15:26:37,7,90479,completed
332,2025-08-16 15:26:38,7,75135,completed
333,2025-08-16 15:26:38,7,56080,completed
334,2025-08-16 15:26:38,7,77223,completed
335,2025-08-16 15:26:38,7,46454,completed
336,2025-08-16 15:26:39,7,92668,completed
337,2025-08-16 15:26:39,7,65465,completed
338,2025-08-16 15:26:39,7,40637,completed
339,2025-08-16 15:26:39,7,68766,completed
340,2025-08-16 15:26:40,7,31865,completed
341,2025-08-16 15:26:40,7,79150,completed
342,2025-08-16 15:26:40,7,95461,completed
343,2025-08-16 15:26:40,7,98909,completed
344,2025-08-16 15:26:41,7,20559,completed
345,2025-08-16 15:26:41,7,99154,completed
346,2025-08-16 15:26:41,7,78211,completed
347,2025-08-16 15:26:41,7,89702,completed
348,2025-08-16 15:26:42,7,87568,completed
349,2025-08-16 15:26:42,7,77319,completed
350,2025-08-16 15:26:42,7,89326,completed
351,2025-08-16 15:26:50,8,35786,completed
352,2025-08-16 15:26:50,8,60673,completed
353,2025-08-16 15:26:50,8,20027,completed
354,2025-08-16 15:26:51,8,27845,completed
355,2025-08-16 15:26:51,8,90740,completed
356,2025-08-16 15:26:51,8,56910,completed
357,2025-08-16 15:26:51,8,79043,completed
358,2025-08-16 15:26:51,8,54185,completed
359,2025-08-16 15:26:52,8,48241,completed
360,2025-08-16 15:26:52,8,56098,completed
361,2025-08-16 15:26:52,8,66300,completed
362,2025-08-16 15:26:52,8,95112,completed
363,2025-08-16 15:26:53,8,35342,completed
364,2025-08-16 15:26:53,8,93064,completed
365,2025-08-16 15:26:53,8,25413,completed
366,2025-08-16 15:26:53,8,12255,completed
367,2025-08-16 15:26:54,8,37658,completed
368,2025-08-16 15:26:54,8,57315,completed
369,2025-08-16 15:26:54,8,34462,completed
370,2025-08-16 15:26:54,8,22466,completed
371,2025-08-16 15:26:54,8,86138,completed
372,2025-08-16 15:26:55,8,81991,completed
373,2025-08-16 15:26:55,8,27679,completed
374,2025-08-16 15:26:55,8,14700,completed
375,2025-08-16 15:26:56,8,26611,completed
376,2025-08-16 15:26:56,8,42083,completed
377,2025-08-16 15:26:56,8,49944,completed
378,2025-08-16 15:26:56,8,44841,completed
379,2025-08-16 15:26:57,8,98721,completed
380,2025-08-16 15:26:57,8,46098,completed
381,2025-08-16 15:26:57,8,17741,completed
382,2025-08-16 15:26:58,8,98194,completed
383,2025-08-16 15:26:58,8,95854,completed
384,2025-08-16 15:26:58,8,90159,completed
385,2025-08-16 15:26:58,8,68308,completed
386,2025-08-16 15:26:59,8,49924,completed
387,2025-08-16 15:26:59,8,86324,completed
388,2025-08-16 15:26:59,8,74584,completed
389,2025-08-16 15:26:59,8,74418,completed
390,2025-08-16 15:27:00,8,24390,completed
391,2025-08-16 15:27:00,8,60922,completed
392,2025-08-16 15:27:00,8,62447,completed
393,2025-08-16 15:27:01,8,83792,completed
394,2025-08-16 15:27:01,8,97612,completed
395,2025-08-16 15:27:01,8,28022,completed
396,2025-08-16 15:27:01,8,92507,completed
397,2025-08-16 15:27:02,8,54464,completed
398,2025-08-16 15:27:02,8,44051,completed
399,2025-08-16 15:27:02,8,96390,completed
400,2025-08-16 15:27:03,8,67191,completed
401,2025-08-16 15:27:11,9,30823,completed
402,2025-08-16 15:27:11,9,94038,completed
403,2025-08-16 15:27:11,9,21244,completed
404,2025-08-16 15:27:11,9,72456,completed
405,2025-08-16 15:27:11,9,76099,completed
406,2025-08-16 15:27:12,9,40371,completed
407,2025-08-16 15:27:12,9,64778,completed
408,2025-08-16 15:27:12,9,22466,completed
409,2025-08-16 15:27:12,9,89576,completed
410,2025-08-16 15:27:13,9,76663,completed
411,2025-08-16 15:27:13,9,45785,completed
412,2025-08-16 15:27:13,9,51562,completed
413,2025-08-16 15:27:13,9,22307,completed
414,2025-08-16 15:27:14,9,62167,completed
415,2025-08-16 15:27:14,9,73910,completed
416,2025-08-16 15:27:14,9,96473,completed
417,2025-08-16 15:27:14,9,27354,completed
418,2025-08-16 15:27:15,9,54352,completed
419,2025-08-16 15:27:15,9,51074,completed
420,2025-08-16 15:27:15,9,33946,completed
421,2025-08-16 15:27:15,9,58654,completed
422,2025-08-16 15:27:15,9,89504,completed
423,2025-08-16 15:27:16,9,34706,completed
424,2025-08-16 15:27:16,9,62756,completed
425,2025-08-16 15:27:16,9,69364,completed
426,2025-08-16 15:27:16,9,75942,completed
427,2025-08-16 15:27:17,9,32699,completed
428,2025-08-16 15:27:17,9,25077,completed
429,2025-08-16 15:27:17,9,64001,completed
430,2025-08-16 15:27:17,9,20088,completed
431,2025-08-16 15:27:18,9,87959,completed
432,2025-08-16 15:27:18,9,42252,completed
433,2025-08-16 15:27:18,9,92343,completed
434,2025-08-16 15:27:18,9,15712,completed
435,2025-08-16 15:27:19,9,60836,completed
436,2025-08-16 15:27:19,9,87907,completed
437,2025-08-16 15:27:19,9,84814,completed
438,2025-08-16 15:27:19,9,36645,completed
439,2025-08-16 15:27:20,9,75560,completed
440,2025-08-16 15:27:20,9,98996,completed
441,2025-08-16 15:27:20,9,22902,completed
442,2025-08-16 15:27:21,9,79012,completed
443,2025-08-16 15:27:21,9,97137,completed
444,2025-08-16 15:27:21,9,52978,completed
445,2025-08-16 15:27:21,9,81153,completed
446,2025-08-16 15:27:22,9,96318,completed
447,2025-08-16 15:27:22,9,26710,completed
448,2025-08-16 15:27:22,9,20357,completed
449,2025-08-16 15:27:22,9,21241,completed
450,2025-08-16 15:27:23,9,78496,completed
451,2025-08-16 15:27:31,10,29528,completed
452,2025-08-16 15:27:31,10,51434,completed
453,2025-08-16 15:27:31,10,44988,completed
454,2025-08-16 15:27:31,10,18320,completed
455,2025-08-16 15:27:32,10,98374,completed
456,2025-08-16 15:27:32,10,70989,completed
457,2025-08-16 15:27:32,10,63730,completed
458,2025-08-16 15:27:33,10,44523,completed
459,2025-08-16 15:27:33,10,39155,completed
460,2025-08-16 15:27:33,10,70367,completed
461,2025-08-16 15:27:34,10,94301,completed
462,2025-08-16 15:27:34,10,82217,completed
463,2025-08-16 15:27:34,10,97135,completed
464,2025-08-16 15:27:35,10,79120,completed
465,2025-08-16 15:27:35,10,63744,completed
466,2025-08-16 15:27:35,10,28882,completed
467,2025-08-16 15:27:36,10,51922,completed
468,2025-08-16 15:27:36,10,28313,completed
469,2025-08-16 15:27:36,10,74169,completed
470,2025-08-16 15:27:36,10,29034,completed
471,2025-08-16 15:27:37,10,73765,completed
472,2025-08-16 15:27:37,10,37222,completed
473,2025-08-16 15:27:37,10,25447,completed
474,2025-08-16 15:27:37,10,90776,completed
475,2025-08-16 15:27:38,10,80801,completed
476,2025-08-16 15:27:38,10,87944,completed
477,2025-08-16 15:27:38,10,98041,completed
478,2025-08-16 15:27:38,10,70716,completed
479,2025-08-16 15:27:39,10,31225,completed
480,2025-08-16 15:27:39,10,18545,completed
481,2025-08-16 15:27:39,10,35325,completed
482,2025-08-16 15:27:39,10,36446,completed
483,2025-08-16 15:27:40,10,49260,completed
484,2025-08-16 15:27:40,10,63250,completed
485,2025-08-16 15:27:40,10,56022,completed
486,2025-08-16 15:27:41,10,90151,completed
487,2025-08-16 15:27:41,10,30207,completed
488,2025-08-16 15:27:41,10,64856,completed
489,2025-08-16 15:27:41,10,54915,completed
490,2025-08-16 15:27:42,10,46893,completed
491,2025-08-16 15:27:42,10,25245,completed
492,2025-08-16 15:27:43,10,67709,completed
493,2025-08-16 15:27:43,10,97311,completed
494,2025-08-16 15:27:43,10,75974,completed
495,2025-08-16 15:27:43,10,42365,completed
496,2025-08-16 15:27:44,10,51797,completed
497,2025-08-16 15:27:44,10,26179,completed
498,2025-08-16 15:27:45,10,49471,completed
499,2025-08-16 15:27:45,10,88670,completed
500,2025-08-16 15:27:46,10,98204,completed
501,2025-08-16 15:27:54,11,77501,completed
502,2025-08-16 15:27:54,11,18474,completed
503,2025-08-16 15:27:55,11,41120,completed
504,2025-08-16 15:27:55,11,13701,completed
505,2025-08-16 15:27:56,11,44588,completed
506,2025-08-16 15:27:56,11,56335,completed
507,2025-08-16 15:27:57,11,91161,completed
508,2025-08-16 15:27:57,11,89034,completed
509,2025-08-16 15:27:57,11,54995,completed
510,2025-08-16 15:27:58,11,41063,completed
511,2025-08-16 15:27:58,11,96587,completed
512,2025-08-16 15:28:00,11,66162,completed
513,2025-08-16 15:28:01,11,82620,completed
514,2025-08-16 15:28:01,11,40106,completed
515,2025-08-16 15:28:02,11,72462,completed
516,2025-08-16 15:28:02,11,78948,completed
517,2025-08-16 15:28:03,11,90979,completed
518,2025-08-16 15:28:03,11,68273,completed
519,2025-08-16 15:28:04,11,18179,completed
520,2025-08-16 15:28:05,11,75420,completed
521,2025-08-16 15:28:05,11,52209,completed
522,2025-08-16 15:28:06,11,18244,completed
523,2025-08-16 15:28:06,11,65583,completed
524,2025-08-16 15:28:06,11,15216,completed
525,2025-08-16 15:28:07,11,26972,completed
526,2025-08-16 15:28:07,11,60606,completed
527,2025-08-16 15:28:08,11,98514,completed
528,2025-08-16 15:28:08,11,91458,completed
529,2025-08-16 15:28:08,11,64103,completed
530,2025-08-16 15:28:09,11,81058,completed
531,2025-08-16 15:28:09,11,76739,completed
532,2025-08-16 15:28:10,11,84942,completed
533,2025-08-16 15:28:10,11,75441,completed
534,2025-08-16 15:28:11,11,55213,completed
535,2025-08-16 15:28:12,11,93757,completed
536,2025-08-16 15:28:12,11,72243,completed
537,2025-08-16 15:28:13,11,95186,completed
538,2025-08-16 15:28:13,11,52708,completed
539,2025-08-16 15:28:14,11,63064,completed
540,2025-08-16 15:28:14,11,40336,completed
541,2025-08-16 15:28:15,11,79561,completed
542,2025-08-16 15:28:15,11,71131,completed
543,2025-08-16 15:28:16,11,70803,completed
544,2025-08-16 15:28:16,11,37433,completed
545,2025-08-16 15:28:16,11,21386,completed
546,2025-08-16 15:28:17,11,27733,completed
547,2025-08-16 15:28:17,11,76412,completed
548,2025-08-16 15:28:17,11,59265,completed
549,2025-08-16 15:28:18,11,13406,completed
550,2025-08-16 15:28:19,11,41124,completed
551,2025-08-16 15:28:29,12,15235,completed
552,2025-08-16 15:28:34,12,49558,completed
553,2025-08-16 15:28:35,12,57821,completed
554,2025-08-16 15:28:37,12,25940,completed
555,2025-08-16 15:28:41,12,37717,completed
556,2025-08-16 15:28:42,12,19681,completed
557,2025-08-16 15:28:42,12,52169,completed
558,2025-08-16 15:28:43,12,48149,completed
559,2025-08-16 15:28:44,12,16997,completed
560,2025-08-16 15:28:44,12,94319,completed
561,2025-08-16 15:28:45,12,82503,completed
562,2025-08-16 15:28:45,12,62417,completed
563,2025-08-16 15:28:46,12,22668,completed
564,2025-08-16 15:28:46,12,51019,completed
565,2025-08-16 15:28:47,12,43646,completed
566,2025-08-16 15:28:47,12,39186,completed
567,2025-08-16 15:28:49,12,18038,completed
568,2025-08-16 15:28:49,12,18439,completed
569,2025-08-16 15:28:50,12,24597,completed
570,2025-08-16 15:28:51,12,34077,completed
571,2025-08-16 15:28:51,12,40146,completed
572,2025-08-16 15:28:52,12,77807,completed
573,2025-08-16 15:28:52,12,28628,completed
574,2025-08-16 15:28:52,12,74092,completed
575,2025-08-16 15:28:52,12,99017,completed
576,2025-08-16 15:28:53,12,84276,completed
577,2025-08-16 15:28:53,12,65718,completed
578,2025-08-16 15:28:53,12,83229,completed
579,2025-08-16 15:28:54,12,43547,completed
580,2025-08-16 15:28:54,12,75974,completed
581,2025-08-16 15:28:55,12,86084,completed
582,2025-08-16 15:28:55,12,99208,completed
583,2025-08-16 15:28:55,12,79538,completed
584,2025-08-16 15:28:56,12,76922,completed
585,2025-08-16 15:28:56,12,10020,completed
586,2025-08-16 15:28:56,12,24761,completed
587,2025-08-16 15:28:57,12,73359,completed
588,2025-08-16 15:28:57,12,47789,completed
589,2025-08-16 15:28:57,12,81014,completed
590,2025-08-16 15:28:58,12,98266,completed
591,2025-08-16 15:28:58,12,55072,completed
592,2025-08-16 15:28:58,12,71484,completed
593,2025-08-16 15:28:58,12,54287,completed
594,2025-08-16 15:28:59,12,89927,completed
595,2025-08-16 15:28:59,12,64566,completed
596,2025-08-16 15:28:59,12,35058,completed
597,2025-08-16 15:29:00,12,32521,completed
598,2025-08-16 15:29:00,12,65083,completed
599,2025-08-16 15:29:00,12,69085,completed
600,2025-08-16 15:29:01,12,63123,completed
601,2025-08-16 15:29:09,13,95296,completed
602,2025-08-16 15:29:09,13,31525,completed
603,2025-08-16 15:29:09,13,17963,completed
604,2025-08-16 15:29:10,13,80301,completed
605,2025-08-16 15:29:10,13,69638,completed
606,2025-08-16 15:29:10,13,36687,completed
607,2025-08-16 15:29:11,13,75342,completed
608,2025-08-16 15:29:11,13,17231,completed
609,2025-08-16 15:29:11,13,96093,completed
610,2025-08-16 15:29:11,13,72232,completed
611,2025-08-16 15:29:11,13,92473,completed
612,2025-08-16 15:29:12,13,48180,completed
613,2025-08-16 15:29:12,13,17272,completed
614,2025-08-16 15:29:12,13,22637,completed
615,2025-08-16 15:29:12,13,44567,completed
616,2025-08-16 15:29:13,13,12790,completed
617,2025-08-16 15:29:13,13,12175,completed
618,2025-08-16 15:29:13,13,38757,completed
619,2025-08-16 15:29:13,13,72234,completed
620,2025-08-16 15:29:14,13,94778,completed
621,2025-08-16 15:29:14,13,29757,completed
622,2025-08-16 15:29:14,13,52813,completed
623,2025-08-16 15:29:15,13,89382,completed
624,2025-08-16 15:29:15,13,69755,completed
625,2025-08-16 15:29:15,13,58253,completed
626,2025-08-16 15:29:15,13,94891,completed
627,2025-08-16 15:29:16,13,63898,completed
628,2025-08-16 15:29:16,13,71019,completed
629,2025-08-16 15:29:16,13,61213,completed
630,2025-08-16 15:29:16,13,29231,completed
631,2025-08-16 15:29:17,13,26345,completed
632,2025-08-16 15:29:17,13,79294,completed
633,2025-08-16 15:29:17,13,55273,completed
634,2025-08-16 15:29:18,13,99102,completed
635,2025-08-16 15:29:18,13,26859,completed
636,2025-08-16 15:29:18,13,28021,completed
637,2025-08-16 15:29:19,13,78841,completed
638,2025-08-16 15:29:19,13,31500,completed
639,2025-08-16 15:29:19,13,62638,completed
640,2025-08-16 15:29:19,13,54380,completed
641,2025-08-16 15:29:20,13,97519,completed
642,2025-08-16 15:29:20,13,54479,completed
643,2025-08-16 15:29:20,13,55510,completed
644,2025-08-16 15:29:21,13,87857,completed
645,2025-08-16 15:29:21,13,76323,completed
646,2025-08-16 15:29:21,13,40389,completed
647,2025-08-16 15:29:21,13,37078,completed
648,2025-08-16 15:29:22,13,26908,completed
649,2025-08-16 15:29:22,13,43318,completed
650,2025-08-16 15:29:22,13,11909,completed
651,2025-08-16 15:29:30,14,74287,completed
652,2025-08-16 15:29:31,14,99158,completed
653,2025-08-16 15:29:31,14,84461,completed
654,2025-08-16 15:29:31,14,18951,completed
655,2025-08-16 15:29:31,14,38776,completed
656,2025-08-16 15:29:32,14,56496,completed
657,2025-08-16 15:29:32,14,30002,completed
658,2025-08-16 15:29:32,14,12482,completed
659,2025-08-16 15:29:32,14,65539,completed
660,2025-08-16 15:29:32,14,92023,completed
661,2025-08-16 15:29:33,14,52257,completed
662,2025-08-16 15:29:33,14,27041,completed
663,2025-08-16 15:29:33,14,32591,completed
664,2025-08-16 15:29:33,14,65540,completed
665,2025-08-16 15:29:34,14,66926,completed
666,2025-08-16 15:29:34,14,91017,completed
667,2025-08-16 15:29:34,14,11528,completed
668,2025-08-16 15:29:34,14,46729,completed
669,2025-08-16 15:29:35,14,59346,completed
670,2025-08-16 15:29:35,14,56844,completed
671,2025-08-16 15:29:35,14,83558,completed
672,2025-08-16 15:29:36,14,25552,completed
673,2025-08-16 15:29:36,14,54664,completed
674,2025-08-16 15:29:36,14,39434,completed
675,2025-08-16 15:29:36,14,58065,completed
676,2025-08-16 15:29:37,14,77220,completed
677,2025-08-16 15:29:37,14,36872,completed
678,2025-08-16 15:29:37,14,75338,completed
679,2025-08-16 15:29:38,14,72463,completed
680,2025-08-16 15:29:38,14,38828,completed
681,2025-08-16 15:29:38,14,88389,completed
682,2025-08-16 15:29:39,14,46023,completed
683,2025-08-16 15:29:39,14,25794,completed
684,2025-08-16 15:29:39,14,25311,completed
685,2025-08-16 15:29:40,14,74791,completed
686,2025-08-16 15:29:40,14,65048,completed
687,2025-08-16 15:29:40,14,67112,completed
688,2025-08-16 15:29:41,14,25901,completed
689,2025-08-16 15:29:41,14,54577,completed
690,2025-08-16 15:29:42,14,81359,completed
691,2025-08-16 15:29:43,14,54577,completed
692,2025-08-16 15:29:44,14,41501,completed
693,2025-08-16 15:29:45,14,32808,completed
694,2025-08-16 15:29:46,14,84594,completed
695,2025-08-16 15:29:46,14,53437,completed
696,2025-08-16 15:29:46,14,25810,completed
697,2025-08-16 15:29:47,14,27729,completed
698,2025-08-16 15:29:47,14,88131,completed
699,2025-08-16 15:29:48,14,95211,completed
700,2025-08-16 15:29:48,14,79515,completed
701,2025-08-16 15:29:57,15,12855,completed
702,2025-08-16 15:29:57,15,40629,completed
703,2025-08-16 15:29:57,15,79322,completed
704,2025-08-16 15:29:57,15,24642,completed
705,2025-08-16 15:29:58,15,27318,completed
706,2025-08-16 15:29:58,15,14704,completed
707,2025-08-16 15:29:58,15,13226,completed
708,2025-08-16 15:29:59,15,12324,completed
709,2025-08-16 15:29:59,15,30550,completed
710,2025-08-16 15:29:59,15,39553,completed
711,2025-08-16 15:29:59,15,67148,completed
712,2025-08-16 15:30:00,15,76084,completed
713,2025-08-16 15:30:00,15,96106,completed
714,2025-08-16 15:30:00,15,73640,completed
715,2025-08-16 15:30:00,15,68692,completed
716,2025-08-16 15:30:01,15,11558,completed
717,2025-08-16 15:30:01,15,98427,completed
718,2025-08-16 15:30:01,15,12400,completed
719,2025-08-16 15:30:02,15,28915,completed
720,2025-08-16 15:30:02,15,35603,completed
721,2025-08-16 15:30:02,15,21537,completed
722,2025-08-16 15:30:02,15,78926,completed
723,2025-08-16 15:30:03,15,69448,completed
724,2025-08-16 15:30:03,15,70522,completed
725,2025-08-16 15:30:03,15,75861,completed
726,2025-08-16 15:30:04,15,29012,completed
727,2025-08-16 15:30:04,15,40017,completed
728,2025-08-16 15:30:04,15,22977,completed
729,2025-08-16 15:30:04,15,68736,completed
730,2025-08-16 15:30:05,15,16855,completed
731,2025-08-16 15:30:05,15,12136,completed
732,2025-08-16 15:30:06,15,58077,completed
733,2025-08-16 15:30:06,15,28652,completed
734,2025-08-16 15:30:06,15,95834,completed
735,2025-08-16 15:30:07,15,56486,completed
736,2025-08-16 15:30:07,15,36766,completed
737,2025-08-16 15:30:07,15,64885,completed
738,2025-08-16 15:30:07,15,93502,completed
739,2025-08-16 15:30:08,15,12044,completed
740,2025-08-16 15:30:08,15,40115,completed
741,2025-08-16 15:30:08,15,97404,completed
742,2025-08-16 15:30:09,15,42846,completed
743,2025-08-16 15:30:09,15,50504,completed
744,2025-08-16 15:30:09,15,83173,completed
745,2025-08-16 15:30:09,15,44177,completed
746,2025-08-16 15:30:10,15,75769,completed
747,2025-08-16 15:30:10,15,57807,completed
748,2025-08-16 15:30:10,15,14115,completed
749,2025-08-16 15:30:11,15,67084,completed
750,2025-08-16 15:30:11,15,82025,completed
751,2025-08-16 15:30:19,16,86078,completed
752,2025-08-16 15:30:20,16,42719,completed
753,2025-08-16 15:30:20,16,27557,completed
754,2025-08-16 15:30:20,16,53560,completed
755,2025-08-16 15:30:20,16,86424,completed
756,2025-08-16 15:30:20,16,14380,completed
757,2025-08-16 15:30:21,16,94760,completed
758,2025-08-16 15:30:21,16,43904,completed
759,2025-08-16 15:30:21,16,38631,completed
760,2025-08-16 15:30:21,16,70633,completed
761,2025-08-16 15:30:22,16,17322,completed
762,2025-08-16 15:30:22,16,75317,completed
763,2025-08-16 15:30:22,16,28403,completed
764,2025-08-16 15:30:23,16,42413,completed
765,2025-08-16 15:30:23,16,15922,completed
766,2025-08-16 15:30:23,16,73130,completed
767,2025-08-16 15:30:23,16,38363,completed
768,2025-08-16 15:30:24,16,37236,completed
769,2025-08-16 15:30:24,16,64505,completed
770,2025-08-16 15:30:24,16,77370,completed
771,2025-08-16 15:30:24,16,47597,completed
772,2025-08-16 15:30:25,16,46360,completed
773,2025-08-16 15:30:25,16,99365,completed
774,2025-08-16 15:30:25,16,50137,completed
775,2025-08-16 15:30:26,16,35365,completed
776,2025-08-16 15:30:26,16,61813,completed
777,2025-08-16 15:30:26,16,37351,completed
778,2025-08-16 15:30:26,16,70439,completed
779,2025-08-16 15:30:27,16,56733,completed
780,2025-08-16 15:30:27,16,59693,completed
781,2025-08-16 15:30:27,16,47798,completed
782,2025-08-16 15:30:28,16,68282,completed
783,2025-08-16 15:30:28,16,49293,completed
784,2025-08-16 15:30:28,16,17635,completed
785,2025-08-16 15:30:28,16,98591,completed
786,2025-08-16 15:30:29,16,14515,completed
787,2025-08-16 15:30:29,16,56599,completed
788,2025-08-16 15:30:29,16,38384,completed
789,2025-08-16 15:30:30,16,28376,completed
790,2025-08-16 15:30:30,16,14521,completed
791,2025-08-16 15:30:30,16,21460,completed
792,2025-08-16 15:30:31,16,89274,completed
793,2025-08-16 15:30:31,16,97488,completed
794,2025-08-16 15:30:31,16,62427,completed
795,2025-08-16 15:30:31,16,48192,completed
796,2025-08-16 15:30:32,16,28983,completed
797,2025-08-16 15:30:32,16,14846,completed
798,2025-08-16 15:30:32,16,29038,completed
799,2025-08-16 15:30:33,16,39672,completed
800,2025-08-16 15:30:33,16,34320,completed
801,2025-08-16 15:30:41,17,57804,completed
802,2025-08-16 15:30:42,17,36873,completed
803,2025-08-16 15:30:42,17,10113,completed
804,2025-08-16 15:30:42,17,81403,completed
805,2025-08-16 15:30:43,17,68011,completed
806,2025-08-16 15:30:43,17,20685,completed
807,2025-08-16 15:30:43,17,96239,completed
808,2025-08-16 15:30:43,17,78757,completed
809,2025-08-16 15:30:44,17,95241,completed
810,2025-08-16 15:30:44,17,38241,completed
811,2025-08-16 15:30:44,17,70742,completed
812,2025-08-16 15:30:44,17,81614,completed
813,2025-08-16 15:30:45,17,85896,completed
814,2025-08-16 15:30:45,17,50779,completed
815,2025-08-16 15:30:45,17,97073,completed
816,2025-08-16 15:30:45,17,12026,completed
817,2025-08-16 15:30:46,17,62140,completed
818,2025-08-16 15:30:46,17,62583,completed
819,2025-08-16 15:30:46,17,66051,completed
820,2025-08-16 15:30:47,17,12529,completed
821,2025-08-16 15:30:47,17,99631,completed
822,2025-08-16 15:30:47,17,48994,completed
823,2025-08-16 15:30:48,17,78169,completed
824,2025-08-16 15:30:48,17,78008,completed
825,2025-08-16 15:30:48,17,16561,completed
826,2025-08-16 15:30:49,17,81393,completed
827,2025-08-16 15:30:49,17,38121,completed
828,2025-08-16 15:30:50,17,40487,completed
829,2025-08-16 15:30:50,17,65552,completed
830,2025-08-16 15:30:50,17,41397,completed
831,2025-08-16 15:30:51,17,70539,completed
832,2025-08-16 15:30:51,17,42844,completed
833,2025-08-16 15:30:51,17,24972,completed
834,2025-08-16 15:30:51,17,37991,completed
835,2025-08-16 15:30:52,17,77220,completed
836,2025-08-16 15:30:52,17,44540,completed
837,2025-08-16 15:30:53,17,38888,completed
838,2025-08-16 15:30:53,17,53719,completed
839,2025-08-16 15:30:53,17,27637,completed
840,2025-08-16 15:30:54,17,54729,completed
841,2025-08-16 15:30:54,17,86072,completed
842,2025-08-16 15:30:54,17,42083,completed
843,2025-08-16 15:30:54,17,27261,completed
844,2025-08-16 15:30:55,17,26531,completed
845,2025-08-16 15:30:55,17,29954,completed
846,2025-08-16 15:30:55,17,15416,completed
847,2025-08-16 15:30:56,17,36625,completed
848,2025-08-16 15:30:56,17,25285,completed
849,2025-08-16 15:30:56,17,37672,completed
850,2025-08-16 15:30:56,17,34109,completed
851,2025-08-16 15:31:05,18,49565,completed
852,2025-08-16 15:31:05,18,10863,completed
853,2025-08-16 15:31:05,18,91418,completed
854,2025-08-16 15:31:06,18,42869,completed
855,2025-08-16 15:31:06,18,57156,completed
856,2025-08-16 15:31:06,18,80224,completed
857,2025-08-16 15:31:07,18,80345,completed
858,2025-08-16 15:31:07,18,63527,completed
859,2025-08-16 15:31:07,18,80612,completed
860,2025-08-16 15:31:07,18,14283,completed
861,2025-08-16 15:31:08,18,99355,completed
862,2025-08-16 15:31:08,18,99506,completed
863,2025-08-16 15:31:08,18,14459,completed
864,2025-08-16 15:31:09,18,98755,completed
865,2025-08-16 15:31:09,18,70957,completed
866,2025-08-16 15:31:09,18,75667,completed
867,2025-08-16 15:31:09,18,92364,completed
868,2025-08-16 15:31:10,18,65958,completed
869,2025-08-16 15:31:10,18,16259,completed
870,2025-08-16 15:31:10,18,11983,completed
871,2025-08-16 15:31:11,18,39679,completed
872,2025-08-16 15:31:11,18,10914,completed
873,2025-08-16 15:31:11,18,62035,completed
874,2025-08-16 15:31:12,18,75551,completed
875,2025-08-16 15:31:12,18,88145,completed
876,2025-08-16 15:31:12,18,35102,completed
877,2025-08-16 15:31:12,18,50645,completed
878,2025-08-16 15:31:13,18,48048,completed
879,2025-08-16 15:31:13,18,64940,completed
880,2025-08-16 15:31:13,18,58177,completed
881,2025-08-16 15:31:14,18,13291,completed
882,2025-08-16 15:31:14,18,98405,completed
883,2025-08-16 15:31:14,18,85189,completed
884,2025-08-16 15:31:15,18,12629,completed
885,2025-08-16 15:31:15,18,44043,completed
886,2025-08-16 15:31:15,18,68886,completed
887,2025-08-16 15:31:15,18,54106,completed
888,2025-08-16 15:31:16,18,66019,completed
889,2025-08-16 15:31:16,18,25598,completed
890,2025-08-16 15:31:16,18,70843,completed
891,2025-08-16 15:31:17,18,33220,completed
892,2025-08-16 15:31:17,18,96878,completed
893,2025-08-16 15:31:17,18,20997,completed
894,2025-08-16 15:31:18,18,36015,completed
895,2025-08-16 15:31:18,18,32340,completed
896,2025-08-16 15:31:18,18,41249,completed
897,2025-08-16 15:31:18,18,79261,completed
898,2025-08-16 15:31:19,18,34109,completed
899,2025-08-16 15:31:19,18,36350,completed
900,2025-08-16 15:31:19,18,28119,completed
901,2025-08-16 15:31:28,19,71200,completed
902,2025-08-16 15:31:28,19,55102,completed
903,2025-08-16 15:31:28,19,68288,completed
904,2025-08-16 15:31:28,19,41567,completed
905,2025-08-16 15:31:29,19,74722,completed
906,2025-08-16 15:31:29,19,88611,completed
907,2025-08-16 15:31:29,19,99903,completed
908,2025-08-16 15:31:30,19,52585,completed
909,2025-08-16 15:31:30,19,71613,completed
910,2025-08-16 15:31:30,19,40988,completed
911,2025-08-16 15:31:30,19,17215,completed
912,2025-08-16 15:31:31,19,95277,completed
913,2025-08-16 15:31:31,19,54702,completed
914,2025-08-16 15:31:31,19,39473,completed
915,2025-08-16 15:31:31,19,75464,completed
916,2025-08-16 15:31:32,19,98503,completed
917,2025-08-16 15:31:32,19,49038,completed
918,2025-08-16 15:31:32,19,25775,completed
919,2025-08-16 15:31:32,19,97891,completed
920,2025-08-16 15:31:33,19,48560,completed
921,2025-08-16 15:31:33,19,68177,completed
922,2025-08-16 15:31:33,19,20068,completed
923,2025-08-16 15:31:34,19,35047,completed
924,2025-08-16 15:31:34,19,99769,completed
925,2025-08-16 15:31:35,19,27618,completed
926,2025-08-16 15:31:35,19,45216,completed
927,2025-08-16 15:31:36,19,93298,completed
928,2025-08-16 15:31:36,19,82190,completed
929,2025-08-16 15:31:37,19,34669,completed
930,2025-08-16 15:31:37,19,29662,completed
931,2025-08-16 15:31:38,19,79974,completed
932,2025-08-16 15:31:38,19,43887,completed
933,2025-08-16 15:31:38,19,34862,completed
934,2025-08-16 15:31:39,19,19363,completed
935,2025-08-16 15:31:39,19,60306,completed
936,2025-08-16 15:31:40,19,64643,completed
937,2025-08-16 15:31:40,19,19301,completed
938,2025-08-16 15:31:41,19,73112,completed
939,2025-08-16 15:31:41,19,68890,completed
940,2025-08-16 15:31:42,19,43679,completed
941,2025-08-16 15:31:42,19,37455,completed
942,2025-08-16 15:31:43,19,60476,completed
943,2025-08-16 15:31:43,19,40291,completed
944,2025-08-16 15:31:43,19,57216,completed
945,2025-08-16 15:31:43,19,16794,completed
946,2025-08-16 15:31:44,19,54967,completed
947,2025-08-16 15:31:44,19,17610,completed
948,2025-08-16 15:31:44,19,61310,completed
949,2025-08-16 15:31:45,19,98824,completed
950,2025-08-16 15:31:45,19,45999,completed
951,2025-08-16 15:31:53,20,97594,completed
952,2025-08-16 15:31:53,20,81976,completed
953,2025-08-16 15:31:53,20,16995,completed
954,2025-08-16 15:31:54,20,54698,completed
955,2025-08-16 15:31:54,20,67444,completed
956,2025-08-16 15:31:54,20,89969,completed
957,2025-08-16 15:31:54,20,51740,completed
958,2025-08-16 15:31:54,20,72653,completed
959,2025-08-16 15:31:55,20,99688,completed
960,2025-08-16 15:31:55,20,16568,completed
961,2025-08-16 15:31:55,20,92104,completed
962,2025-08-16 15:31:55,20,93549,completed
963,2025-08-16 15:31:55,20,45182,completed
964,2025-08-16 15:31:56,20,12537,completed
965,2025-08-16 15:31:56,20,96327,completed
966,2025-08-16 15:31:56,20,14126,completed
967,2025-08-16 15:31:56,20,48203,completed
968,2025-08-16 15:31:57,20,44886,completed
969,2025-08-16 15:31:57,20,61534,completed
970,2025-08-16 15:31:57,20,48239,completed
971,2025-08-16 15:31:57,20,41074,completed
972,2025-08-16 15:31:58,20,65164,completed
973,2025-08-16 15:31:58,20,80815,completed
974,2025-08-16 15:31:58,20,88140,completed
975,2025-08-16 15:31:58,20,99003,completed
976,2025-08-16 15:31:59,20,66542,completed
977,2025-08-16 15:31:59,20,98315,completed
978,2025-08-16 15:31:59,20,67741,completed
979,2025-08-16 15:31:59,20,97798,completed
980,2025-08-16 15:32:00,20,87847,completed
981,2025-08-16 15:32:00,20,39940,completed
982,2025-08-16 15:32:00,20,20045,completed
983,2025-08-16 15:32:00,20,66095,completed
984,2025-08-16 15:32:01,20,16012,completed
985,2025-08-16 15:32:01,20,83775,completed
986,2025-08-16 15:32:01,20,62102,completed
987,2025-08-16 15:32:01,20,86541,completed
988,2025-08-16 15:32:02,20,86739,completed
989,2025-08-16 15:32:02,20,42944,completed
990,2025-08-16 15:32:02,20,57111,completed
991,2025-08-16 15:32:02,20,11084,completed
992,2025-08-16 15:32:03,20,78913,completed
993,2025-08-16 15:32:03,20,45428,completed
994,2025-08-16 15:32:03,20,64623,completed
995,2025-08-16 15:32:03,20,31343,completed
996,2025-08-16 15:32:04,20,15414,completed
997,2025-08-16 15:32:04,20,39007,completed
998,2025-08-16 15:32:04,20,82082,completed
999,2025-08-16 15:32:04,20,73779,completed
1000,2025-08-16 15:32:05,20,38643,completed
1,2025-08-16 16:00:18,1,95265,completed
2,2025-08-16 16:00:20,1,52129,completed
3,2025-08-16 16:00:22,1,79319,completed
4,2025-08-16 16:00:23,1,64647,completed
5,2025-08-16 16:00:24,1,65926,completed
6,2025-08-16 16:00:24,1,73572,completed
7,2025-08-16 16:00:24,1,99379,completed
8,2025-08-16 16:00:25,1,60032,completed
9,2025-08-16 16:00:25,1,10371,completed
10,2025-08-16 16:00:25,1,48896,completed
11,2025-08-16 16:00:26,1,20680,completed
12,2025-08-16 16:00:26,1,65805,completed
13,2025-08-16 16:00:26,1,51148,completed
14,2025-08-16 16:00:27,1,53481,completed
15,2025-08-16 16:00:27,1,89607,completed
16,2025-08-16 16:00:27,1,90158,completed
17,2025-08-16 16:00:28,1,45762,completed
18,2025-08-16 16:00:28,1,73147,completed
19,2025-08-16 16:00:28,1,52348,completed
20,2025-08-16 16:00:28,1,29861,completed
21,2025-08-16 16:00:29,1,99463,completed
22,2025-08-16 16:00:29,1,89138,completed
23,2025-08-16 16:00:30,1,57901,completed
24,2025-08-16 16:00:31,1,28970,completed
25,2025-08-16 16:00:33,1,41155,completed
26,2025-08-16 16:00:36,1,84992,completed
27,2025-08-16 16:00:37,1,23435,completed
28,2025-08-16 16:00:38,1,87950,completed
29,2025-08-16 16:00:39,1,23101,completed
30,2025-08-16 16:00:39,1,52206,completed
31,2025-08-16 16:00:40,1,69718,completed
32,2025-08-16 16:00:41,1,60819,completed
33,2025-08-16 16:00:41,1,76079,completed
34,2025-08-16 16:00:41,1,96384,completed
35,2025-08-16 16:00:42,1,93657,completed
36,2025-08-16 16:00:42,1,21652,completed
37,2025-08-16 16:00:43,1,96618,completed
38,2025-08-16 16:00:43,1,16057,completed
39,2025-08-16 16:00:44,1,76948,completed
40,2025-08-16 16:00:44,1,99880,completed
41,2025-08-16 16:00:44,1,47085,completed
42,2025-08-16 16:00:45,1,91714,completed
43,2025-08-16 16:00:45,1,63457,completed
44,2025-08-16 16:00:45,1,92804,completed
45,2025-08-16 16:00:45,1,91616,completed
46,2025-08-16 16:00:46,1,77301,completed
47,2025-08-16 16:00:46,1,48951,completed
48,2025-08-16 16:00:46,1,57699,completed
49,2025-08-16 16:00:47,1,28702,completed
50,2025-08-16 16:00:47,1,39836,completed
51,2025-08-16 16:00:56,2,94627,completed
52,2025-08-16 16:00:56,2,98824,completed
53,2025-08-16 16:00:57,2,57573,completed
54,2025-08-16 16:00:57,2,27603,completed
55,2025-08-16 16:00:57,2,75738,completed
56,2025-08-16 16:00:57,2,55233,completed
57,2025-08-16 16:00:58,2,34700,completed
58,2025-08-16 16:00:58,2,83778,completed
59,2025-08-16 16:00:58,2,71558,completed
60,2025-08-16 16:00:59,2,10284,completed
61,2025-08-16 16:00:59,2,77655,completed
62,2025-08-16 16:00:59,2,41952,completed
63,2025-08-16 16:01:00,2,84045,completed
64,2025-08-16 16:01:00,2,66346,completed
65,2025-08-16 16:01:00,2,79075,completed
66,2025-08-16 16:01:01,2,91345,completed
67,2025-08-16 16:01:01,2,48058,completed
68,2025-08-16 16:01:01,2,58608,completed
69,2025-08-16 16:01:01,2,85426,completed
70,2025-08-16 16:01:02,2,47025,completed
71,2025-08-16 16:01:02,2,37954,completed
72,2025-08-16 16:01:03,2,96714,completed
73,2025-08-16 16:01:03,2,70815,completed
74,2025-08-16 16:01:03,2,21758,completed
75,2025-08-16 16:01:04,2,66079,completed
76,2025-08-16 16:01:04,2,66044,completed
77,2025-08-16 16:01:04,2,36546,completed
78,2025-08-16 16:01:04,2,89909,completed
79,2025-08-16 16:01:05,2,10033,completed
80,2025-08-16 16:01:05,2,26395,completed
81,2025-08-16 16:01:05,2,35428,completed
82,2025-08-16 16:01:06,2,18901,completed
83,2025-08-16 16:01:07,2,90874,completed
84,2025-08-16 16:01:07,2,43588,completed
85,2025-08-16 16:01:07,2,24216,completed
86,2025-08-16 16:01:08,2,35770,completed
87,2025-08-16 16:01:08,2,40821,completed
88,2025-08-16 16:01:08,2,66904,completed
89,2025-08-16 16:01:08,2,57355,completed
90,2025-08-16 16:01:09,2,35876,completed
91,2025-08-16 16:01:09,2,73601,completed
92,2025-08-16 16:01:09,2,67472,completed
93,2025-08-16 16:01:10,2,92291,completed
94,2025-08-16 16:01:10,2,27861,completed
95,2025-08-16 16:01:10,2,95325,completed
96,2025-08-16 16:01:10,2,54999,completed
97,2025-08-16 16:01:11,2,33793,completed
98,2025-08-16 16:01:11,2,88869,completed
99,2025-08-16 16:01:11,2,29310,completed
100,2025-08-16 16:01:12,2,46227,completed
101,2025-08-16 16:01:20,3,24079,completed
102,2025-08-16 16:01:20,3,88999,completed
103,2025-08-16 16:01:21,3,63505,completed
104,2025-08-16 16:01:21,3,53815,completed
105,2025-08-16 16:01:21,3,27455,completed
106,2025-08-16 16:01:21,3,27300,completed
107,2025-08-16 16:01:22,3,26634,completed
108,2025-08-16 16:01:22,3,18192,completed
109,2025-08-16 16:01:23,3,71692,completed
110,2025-08-16 16:01:23,3,66750,completed
111,2025-08-16 16:01:23,3,83856,completed
112,2025-08-16 16:01:24,3,59875,completed
113,2025-08-16 16:01:24,3,70322,completed
114,2025-08-16 16:01:24,3,56834,completed
115,2025-08-16 16:01:25,3,36726,completed
116,2025-08-16 16:01:26,3,21412,completed
117,2025-08-16 16:01:26,3,37076,completed
118,2025-08-16 16:01:27,3,33176,completed
119,2025-08-16 16:01:27,3,24058,completed
120,2025-08-16 16:01:27,3,76435,completed
121,2025-08-16 16:01:28,3,79712,completed
122,2025-08-16 16:01:28,3,15907,completed
123,2025-08-16 16:01:28,3,13842,completed
124,2025-08-16 16:01:28,3,83255,completed
125,2025-08-16 16:01:29,3,42428,completed
126,2025-08-16 16:01:29,3,33563,completed
127,2025-08-16 16:01:29,3,78952,completed
128,2025-08-16 16:01:30,3,89164,completed
129,2025-08-16 16:01:30,3,39621,completed
130,2025-08-16 16:01:31,3,31551,completed
131,2025-08-16 16:01:31,3,53089,completed
132,2025-08-16 16:01:32,3,12576,completed
133,2025-08-16 16:01:32,3,91597,completed
134,2025-08-16 16:01:32,3,96559,completed
135,2025-08-16 16:01:33,3,38801,completed
136,2025-08-16 16:01:33,3,19742,completed
137,2025-08-16 16:01:33,3,62846,completed
138,2025-08-16 16:01:34,3,68029,completed
139,2025-08-16 16:01:35,3,31488,completed
140,2025-08-16 16:01:35,3,38720,completed
141,2025-08-16 16:01:35,3,58335,completed
142,2025-08-16 16:01:36,3,62104,completed
143,2025-08-16 16:01:36,3,92204,completed
144,2025-08-16 16:01:36,3,77364,completed
145,2025-08-16 16:01:37,3,22383,completed
146,2025-08-16 16:01:37,3,40209,completed
147,2025-08-16 16:01:37,3,24202,completed
148,2025-08-16 16:01:38,3,54120,completed
149,2025-08-16 16:01:38,3,27110,completed
150,2025-08-16 16:01:39,3,91185,completed
151,2025-08-16 16:01:48,4,58659,completed
152,2025-08-16 16:01:48,4,34606,completed
153,2025-08-16 16:01:48,4,58056,completed
154,2025-08-16 16:01:49,4,45260,completed
155,2025-08-16 16:01:49,4,15145,completed
156,2025-08-16 16:01:49,4,35783,completed
157,2025-08-16 16:01:49,4,97800,completed
158,2025-08-16 16:01:50,4,33430,completed
159,2025-08-16 16:01:50,4,14670,completed
160,2025-08-16 16:01:50,4,47884,completed
161,2025-08-16 16:01:51,4,38669,completed
162,2025-08-16 16:01:51,4,16857,completed
163,2025-08-16 16:01:52,4,69152,completed
164,2025-08-16 16:01:52,4,10617,completed
165,2025-08-16 16:01:53,4,92501,completed
166,2025-08-16 16:01:53,4,49986,completed
167,2025-08-16 16:01:54,4,89129,completed
168,2025-08-16 16:01:54,4,83500,completed
169,2025-08-16 16:01:55,4,28294,completed
170,2025-08-16 16:01:56,4,31485,completed
171,2025-08-16 16:01:57,4,71144,completed
172,2025-08-16 16:01:57,4,20573,completed
173,2025-08-16 16:01:58,4,84379,completed
174,2025-08-16 16:01:58,4,83682,completed
175,2025-08-16 16:01:58,4,37988,completed
176,2025-08-16 16:01:59,4,15459,completed
177,2025-08-16 16:01:59,4,81321,completed
178,2025-08-16 16:02:00,4,40279,completed
179,2025-08-16 16:02:00,4,87233,completed
180,2025-08-16 16:02:01,4,56600,completed
181,2025-08-16 16:02:02,4,54109,completed
182,2025-08-16 16:02:02,4,17458,completed
183,2025-08-16 16:02:03,4,22998,completed
184,2025-08-16 16:02:04,4,21426,completed
185,2025-08-16 16:02:04,4,28322,completed
186,2025-08-16 16:02:05,4,75611,completed
187,2025-08-16 16:02:07,4,45257,completed
188,2025-08-16 16:02:08,4,94857,completed
189,2025-08-16 16:02:09,4,23006,completed
190,2025-08-16 16:02:09,4,56108,completed
191,2025-08-16 16:02:09,4,29851,completed
192,2025-08-16 16:02:10,4,83100,completed
193,2025-08-16 16:02:10,4,36212,completed
194,2025-08-16 16:02:11,4,84591,completed
195,2025-08-16 16:02:12,4,86438,completed
196,2025-08-16 16:02:12,4,50041,completed
197,2025-08-16 16:02:13,4,34003,completed
198,2025-08-16 16:02:13,4,93950,completed
199,2025-08-16 16:02:25,4,46644,completed
200,2025-08-16 16:02:25,4,45184,completed
201,2025-08-16 16:02:33,5,54822,completed
202,2025-08-16 16:02:33,5,87469,completed
203,2025-08-16 16:02:34,5,89857,completed
204,2025-08-16 16:02:34,5,99627,completed
205,2025-08-16 16:02:34,5,38760,completed
206,2025-08-16 16:02:34,5,50175,completed
207,2025-08-16 16:02:35,5,19329,completed
208,2025-08-16 16:02:35,5,74765,completed
209,2025-08-16 16:02:36,5,44981,completed
210,2025-08-16 16:02:36,5,94539,completed
211,2025-08-16 16:02:36,5,95595,completed
212,2025-08-16 16:02:37,5,30262,completed
213,2025-08-16 16:02:37,5,54667,completed
214,2025-08-16 16:02:37,5,44770,completed
215,2025-08-16 16:02:38,5,71198,completed
216,2025-08-16 16:02:38,5,19906,completed
217,2025-08-16 16:02:39,5,49379,completed
218,2025-08-16 16:02:39,5,21988,completed
219,2025-08-16 16:02:39,5,26730,completed
220,2025-08-16 16:02:40,5,56175,completed
221,2025-08-16 16:02:40,5,15410,completed
222,2025-08-16 16:02:40,5,38791,completed
223,2025-08-16 16:02:41,5,88055,completed
224,2025-08-16 16:02:42,5,13267,completed
225,2025-08-16 16:02:42,5,44533,completed
226,2025-08-16 16:02:42,5,96942,completed
227,2025-08-16 16:02:43,5,73940,completed
228,2025-08-16 16:02:43,5,36785,completed
229,2025-08-16 16:02:44,5,10503,completed
230,2025-08-16 16:02:47,5,77197,completed
231,2025-08-16 16:02:48,5,58364,completed
232,2025-08-16 16:02:49,5,50955,completed
233,2025-08-16 16:02:51,5,95860,completed
234,2025-08-16 16:02:51,5,36589,completed
235,2025-08-16 16:02:52,5,17747,completed
236,2025-08-16 16:02:52,5,30311,completed
237,2025-08-16 16:02:53,5,41963,completed
238,2025-08-16 16:02:54,5,32486,completed
239,2025-08-16 16:02:54,5,46428,completed
240,2025-08-16 16:02:54,5,76525,completed
241,2025-08-16 16:02:55,5,48482,completed
242,2025-08-16 16:02:55,5,80992,completed
243,2025-08-16 16:02:56,5,79928,completed
244,2025-08-16 16:02:58,5,80184,completed
245,2025-08-16 16:02:59,5,90663,completed
246,2025-08-16 16:02:59,5,11001,completed
247,2025-08-16 16:03:00,5,90134,completed
248,2025-08-16 16:03:00,5,68934,completed
249,2025-08-16 16:03:01,5,41477,completed
250,2025-08-16 16:03:01,5,69470,completed
251,2025-08-16 16:03:10,6,57596,completed
252,2025-08-16 16:03:10,6,92685,completed
253,2025-08-16 16:03:11,6,29948,completed
254,2025-08-16 16:03:11,6,79571,completed
255,2025-08-16 16:03:12,6,65502,completed
256,2025-08-16 16:03:12,6,33299,completed
257,2025-08-16 16:03:13,6,68846,completed
258,2025-08-16 16:03:13,6,30128,completed
259,2025-08-16 16:03:13,6,32375,completed
260,2025-08-16 16:03:14,6,26469,completed
261,2025-08-16 16:03:14,6,32485,completed
262,2025-08-16 16:03:15,6,96414,completed
263,2025-08-16 16:03:15,6,48809,completed
264,2025-08-16 16:03:16,6,80744,completed
265,2025-08-16 16:03:16,6,38411,completed
266,2025-08-16 16:03:16,6,69167,completed
267,2025-08-16 16:03:17,6,47970,completed
268,2025-08-16 16:03:17,6,38261,completed
269,2025-08-16 16:03:18,6,18649,completed
270,2025-08-16 16:03:18,6,14184,completed
271,2025-08-16 16:03:18,6,11203,completed
272,2025-08-16 16:03:19,6,22351,completed
273,2025-08-16 16:03:19,6,48966,completed
274,2025-08-16 16:03:20,6,82496,completed
275,2025-08-16 16:03:20,6,48840,completed
276,2025-08-16 16:03:20,6,46465,completed
277,2025-08-16 16:03:21,6,70010,completed
278,2025-08-16 16:03:21,6,85620,completed
279,2025-08-16 16:03:22,6,13707,completed
280,2025-08-16 16:03:22,6,76788,completed
281,2025-08-16 16:03:23,6,52180,completed
282,2025-08-16 16:03:23,6,70536,completed
283,2025-08-16 16:03:24,6,33181,completed
284,2025-08-16 16:03:25,6,33256,completed
285,2025-08-16 16:03:26,6,92550,completed
286,2025-08-16 16:03:26,6,36509,completed
287,2025-08-16 16:03:27,6,25231,completed
288,2025-08-16 16:03:28,6,16840,completed
289,2025-08-16 16:03:28,6,29380,completed
290,2025-08-16 16:03:30,6,52835,completed
291,2025-08-16 16:03:31,6,29678,completed
292,2025-08-16 16:03:31,6,40047,completed
293,2025-08-16 16:03:32,6,77581,completed
294,2025-08-16 16:03:32,6,39421,completed
295,2025-08-16 16:03:33,6,17821,completed
296,2025-08-16 16:03:34,6,14349,completed
297,2025-08-16 16:03:34,6,84222,completed
298,2025-08-16 16:03:35,6,66594,completed
299,2025-08-16 16:03:35,6,98144,completed
300,2025-08-16 16:03:36,6,67985,completed
301,2025-08-16 16:03:46,7,56067,completed
302,2025-08-16 16:03:46,7,17243,completed
303,2025-08-16 16:03:46,7,27369,completed
304,2025-08-16 16:03:47,7,10133,completed
305,2025-08-16 16:03:47,7,41366,completed
306,2025-08-16 16:03:47,7,68830,completed
307,2025-08-16 16:03:48,7,60379,completed
308,2025-08-16 16:03:48,7,58193,completed
309,2025-08-16 16:03:49,7,30844,completed
310,2025-08-16 16:03:49,7,61349,completed
311,2025-08-16 16:03:49,7,97688,completed
312,2025-08-16 16:03:51,7,74446,completed
313,2025-08-16 16:03:52,7,86585,completed
314,2025-08-16 16:03:53,7,42825,completed
315,2025-08-16 16:03:53,7,68347,completed
316,2025-08-16 16:03:54,7,90097,completed
317,2025-08-16 16:03:54,7,36903,completed
318,2025-08-16 16:03:55,7,24317,completed
319,2025-08-16 16:03:55,7,94089,completed
320,2025-08-16 16:03:56,7,28290,completed
321,2025-08-16 16:03:56,7,20587,completed
322,2025-08-16 16:03:57,7,25245,completed
323,2025-08-16 16:03:57,7,84543,completed
324,2025-08-16 16:03:58,7,15896,completed
325,2025-08-16 16:03:58,7,81586,completed
326,2025-08-16 16:03:59,7,82569,completed
327,2025-08-16 16:03:59,7,19167,completed
328,2025-08-16 16:03:59,7,79037,completed
329,2025-08-16 16:03:59,7,74796,completed
330,2025-08-16 16:04:00,7,77608,completed
331,2025-08-16 16:04:00,7,39484,completed
332,2025-08-16 16:04:00,7,14644,completed
333,2025-08-16 16:04:01,7,52856,completed
334,2025-08-16 16:04:01,7,19373,completed
335,2025-08-16 16:04:02,7,81117,completed
336,2025-08-16 16:04:02,7,27236,completed
337,2025-08-16 16:04:02,7,57460,completed
338,2025-08-16 16:04:03,7,56550,completed
339,2025-08-16 16:04:03,7,61710,completed
340,2025-08-16 16:04:03,7,89849,completed
341,2025-08-16 16:04:04,7,35575,completed
342,2025-08-16 16:04:04,7,29665,completed
343,2025-08-16 16:04:05,7,28355,completed
344,2025-08-16 16:04:06,7,12877,completed
345,2025-08-16 16:04:06,7,62902,completed
346,2025-08-16 16:04:07,7,18755,completed
347,2025-08-16 16:04:07,7,19427,completed
348,2025-08-16 16:04:08,7,51688,completed
349,2025-08-16 16:04:08,7,67849,completed
350,2025-08-16 16:04:08,7,46575,completed
351,2025-08-16 16:04:18,8,66710,completed
352,2025-08-16 16:04:18,8,30177,completed
353,2025-08-16 16:04:18,8,46087,completed
354,2025-08-16 16:04:19,8,69121,completed
355,2025-08-16 16:04:19,8,82723,completed
356,2025-08-16 16:04:20,8,21993,completed
357,2025-08-16 16:04:20,8,98790,completed
358,2025-08-16 16:04:21,8,45402,completed
359,2025-08-16 16:04:21,8,36389,completed
360,2025-08-16 16:04:22,8,12594,completed
361,2025-08-16 16:04:22,8,24291,completed
362,2025-08-16 16:04:22,8,82281,completed
363,2025-08-16 16:04:23,8,39979,completed
364,2025-08-16 16:04:23,8,71752,completed
365,2025-08-16 16:04:24,8,25192,completed
366,2025-08-16 16:04:24,8,77043,completed
367,2025-08-16 16:04:24,8,60247,completed
368,2025-08-16 16:04:24,8,63666,completed
369,2025-08-16 16:04:25,8,53963,completed
370,2025-08-16 16:04:25,8,30074,completed
371,2025-08-16 16:04:25,8,27471,completed
372,2025-08-16 16:04:26,8,19551,completed
373,2025-08-16 16:04:26,8,17405,completed
374,2025-08-16 16:04:26,8,37634,completed
375,2025-08-16 16:04:26,8,65139,completed
376,2025-08-16 16:04:27,8,63345,completed
377,2025-08-16 16:04:27,8,95964,completed
378,2025-08-16 16:04:27,8,88026,completed
379,2025-08-16 16:04:28,8,33152,completed
380,2025-08-16 16:04:28,8,27857,completed
381,2025-08-16 16:04:28,8,71338,completed
382,2025-08-16 16:04:28,8,70982,completed
383,2025-08-16 16:04:29,8,62757,completed
384,2025-08-16 16:04:29,8,10633,completed
385,2025-08-16 16:04:29,8,34983,completed
386,2025-08-16 16:04:30,8,25045,completed
387,2025-08-16 16:04:30,8,34512,completed
388,2025-08-16 16:04:31,8,43302,completed
389,2025-08-16 16:04:31,8,19651,completed
390,2025-08-16 16:04:31,8,13541,completed
391,2025-08-16 16:04:32,8,17896,completed
392,2025-08-16 16:04:32,8,83718,completed
393,2025-08-16 16:04:32,8,78677,completed
394,2025-08-16 16:04:33,8,84192,completed
395,2025-08-16 16:04:33,8,89814,completed
396,2025-08-16 16:04:33,8,79404,completed
397,2025-08-16 16:04:34,8,69536,completed
398,2025-08-16 16:04:34,8,57872,completed
399,2025-08-16 16:04:34,8,90755,completed
400,2025-08-16 16:04:35,8,58274,completed
401,2025-08-16 16:04:44,9,33776,completed
402,2025-08-16 16:04:44,9,80283,completed
403,2025-08-16 16:04:45,9,18973,completed
404,2025-08-16 16:04:45,9,52422,completed
405,2025-08-16 16:04:46,9,73519,completed
406,2025-08-16 16:04:46,9,27634,completed
407,2025-08-16 16:04:47,9,14064,completed
408,2025-08-16 16:04:47,9,70279,completed
409,2025-08-16 16:04:47,9,80930,completed
410,2025-08-16 16:04:48,9,88402,completed
411,2025-08-16 16:04:48,9,54117,completed
412,2025-08-16 16:04:48,9,42626,completed
413,2025-08-16 16:04:49,9,58785,completed
414,2025-08-16 16:04:49,9,98821,completed
415,2025-08-16 16:04:50,9,21068,completed
416,2025-08-16 16:04:50,9,52493,completed
417,2025-08-16 16:04:50,9,70780,completed
418,2025-08-16 16:04:51,9,81137,completed
419,2025-08-16 16:04:51,9,73934,completed
420,2025-08-16 16:04:52,9,99305,completed
421,2025-08-16 16:04:52,9,97990,completed
422,2025-08-16 16:04:52,9,38649,completed
423,2025-08-16 16:04:52,9,20173,completed
424,2025-08-16 16:04:53,9,65717,completed
425,2025-08-16 16:04:53,9,49687,completed
426,2025-08-16 16:04:53,9,47130,completed
427,2025-08-16 16:04:54,9,90566,completed
428,2025-08-16 16:04:54,9,58820,completed
429,2025-08-16 16:04:54,9,43020,completed
430,2025-08-16 16:04:54,9,40750,completed
431,2025-08-16 16:04:55,9,97716,completed
432,2025-08-16 16:04:55,9,71273,completed
433,2025-08-16 16:04:55,9,17260,completed
434,2025-08-16 16:04:56,9,65433,completed
435,2025-08-16 16:04:56,9,64860,completed
436,2025-08-16 16:04:56,9,62748,completed
437,2025-08-16 16:04:57,9,81744,completed
438,2025-08-16 16:04:57,9,69943,completed
439,2025-08-16 16:04:57,9,81007,completed
440,2025-08-16 16:04:58,9,11125,completed
441,2025-08-16 16:04:58,9,41664,completed
442,2025-08-16 16:04:59,9,30947,completed
443,2025-08-16 16:04:59,9,38822,completed
444,2025-08-16 16:05:00,9,92530,completed
445,2025-08-16 16:05:00,9,62443,completed
446,2025-08-16 16:05:00,9,96605,completed
447,2025-08-16 16:05:01,9,75646,completed
448,2025-08-16 16:05:01,9,87975,completed
449,2025-08-16 16:05:02,9,76710,completed
450,2025-08-16 16:05:02,9,38502,completed
451,2025-08-16 16:05:10,10,26269,completed
452,2025-08-16 16:05:11,10,84122,completed
453,2025-08-16 16:05:12,10,35810,completed
454,2025-08-16 16:05:12,10,71993,completed
455,2025-08-16 16:05:13,10,76817,completed
456,2025-08-16 16:05:14,10,66954,completed
457,2025-08-16 16:05:15,10,93547,completed
458,2025-08-16 16:05:16,10,66923,completed
459,2025-08-16 16:05:17,10,89786,completed
460,2025-08-16 16:05:17,10,42530,completed
461,2025-08-16 16:05:17,10,19872,completed
462,2025-08-16 16:05:18,10,72741,completed
463,2025-08-16 16:05:18,10,58175,completed
464,2025-08-16 16:05:19,10,60665,completed
465,2025-08-16 16:05:19,10,34397,completed
466,2025-08-16 16:05:19,10,88190,completed
467,2025-08-16 16:05:20,10,22844,completed
468,2025-08-16 16:05:20,10,46775,completed
469,2025-08-16 16:05:20,10,62917,completed
470,2025-08-16 16:05:20,10,51235,completed
471,2025-08-16 16:05:21,10,16247,completed
472,2025-08-16 16:05:21,10,37242,completed
473,2025-08-16 16:05:22,10,58368,completed
474,2025-08-16 16:05:22,10,38549,completed
475,2025-08-16 16:05:22,10,97330,completed
476,2025-08-16 16:05:22,10,69964,completed
477,2025-08-16 16:05:23,10,51708,completed
478,2025-08-16 16:05:23,10,94502,completed
479,2025-08-16 16:05:24,10,65561,completed
480,2025-08-16 16:05:24,10,23297,completed
481,2025-08-16 16:05:25,10,86196,completed
482,2025-08-16 16:05:26,10,65337,completed
483,2025-08-16 16:05:27,10,75160,completed
484,2025-08-16 16:05:27,10,99431,completed
485,2025-08-16 16:05:28,10,29028,completed
486,2025-08-16 16:05:28,10,83409,completed
487,2025-08-16 16:05:29,10,60732,completed
488,2025-08-16 16:05:29,10,49775,completed
489,2025-08-16 16:05:29,10,13837,completed
490,2025-08-16 16:05:30,10,64259,completed
491,2025-08-16 16:05:30,10,55276,completed
492,2025-08-16 16:05:30,10,27867,completed
493,2025-08-16 16:05:30,10,79991,completed
1,2025-08-16 16:05:40,1,99656,completed
2,2025-08-16 16:05:40,1,19387,completed
3,2025-08-16 16:05:40,1,22246,completed
4,2025-08-16 16:05:40,1,57389,completed
5,2025-08-16 16:05:41,1,32590,completed
6,2025-08-16 16:05:41,1,64465,completed
7,2025-08-16 16:05:41,1,15818,completed
8,2025-08-16 16:05:41,1,25177,completed
9,2025-08-16 16:05:42,1,85692,completed
10,2025-08-16 16:05:42,1,58416,completed
11,2025-08-16 16:05:42,1,84090,completed
12,2025-08-16 16:05:42,1,13763,completed
13,2025-08-16 16:05:42,1,16100,completed
14,2025-08-16 16:05:43,1,53184,completed
15,2025-08-16 16:05:43,1,80108,completed
16,2025-08-16 16:05:43,1,87263,completed
17,2025-08-16 16:05:43,1,75160,completed
18,2025-08-16 16:05:44,1,99413,completed
19,2025-08-16 16:05:44,1,55863,completed
20,2025-08-16 16:05:44,1,46635,completed
21,2025-08-16 16:05:44,1,20155,completed
22,2025-08-16 16:05:45,1,13068,completed
23,2025-08-16 16:05:45,1,42328,completed
24,2025-08-16 16:05:45,1,93568,completed
25,2025-08-16 16:05:46,1,33914,completed
26,2025-08-16 16:05:46,1,31607,completed
27,2025-08-16 16:05:46,1,53794,completed
28,2025-08-16 16:05:47,1,49281,completed
29,2025-08-16 16:05:47,1,95054,completed
30,2025-08-16 16:05:47,1,16398,completed
31,2025-08-16 16:05:48,1,36658,completed
